solver,status,objetivo,tempo_s
MadNLP,LOCALLY_SOLVED,5.1110448474783365e-18,14.32800006866455
Ipopt,LOCALLY_SOLVED,5.110966883551224e-18,0.9539999961853027
