solver,status,objetivo,tempo_s
MadNLP,LOCALLY_SOLVED,5.1110448474783365e-18,42.64699983596802
Ipopt,LOCALLY_SOLVED,5.110966883551224e-18,0.8959999084472656
